phase,profile,state_index,model_seed,control,policy_action_count,assessment_action_count,strict_policy_success,semantic_before_assessment,semantic_after_assessment,first_grasp_confirmed_step,first_failed_grasp_step,policy_wall_s,ended_reason,initial_state_sha,input_digest
discovery,baseline_bf16,0,0,false,178,20,true,false,true,100,,109.956,success,6511e57b416fc70e9fc6ac3e533033dcf9c19f9b1b46046fddfdf7981a5b0b40,5f53bcf794e4b0cfb8b5376dd8eeca055b84770c44da94f62919f789171083f9
discovery,baseline_bf16,0,0,true,178,20,true,false,true,100,,106.387,success,6511e57b416fc70e9fc6ac3e533033dcf9c19f9b1b46046fddfdf7981a5b0b40,5f53bcf794e4b0cfb8b5376dd8eeca055b84770c44da94f62919f789171083f9
discovery,fp32,0,0,false,161,20,true,false,true,99,,96.786,success,6511e57b416fc70e9fc6ac3e533033dcf9c19f9b1b46046fddfdf7981a5b0b40,5f53bcf794e4b0cfb8b5376dd8eeca055b84770c44da94f62919f789171083f9
discovery,fp32_h5,0,0,false,156,20,true,false,true,95,,35.708,success,6511e57b416fc70e9fc6ac3e533033dcf9c19f9b1b46046fddfdf7981a5b0b40,5f53bcf794e4b0cfb8b5376dd8eeca055b84770c44da94f62919f789171083f9
discovery,baseline_bf16,0,1000,false,153,20,true,false,true,93,,91.406,success,6511e57b416fc70e9fc6ac3e533033dcf9c19f9b1b46046fddfdf7981a5b0b40,5f53bcf794e4b0cfb8b5376dd8eeca055b84770c44da94f62919f789171083f9
discovery,fp32,0,1000,false,162,20,true,false,true,90,,109.563,success,6511e57b416fc70e9fc6ac3e533033dcf9c19f9b1b46046fddfdf7981a5b0b40,5f53bcf794e4b0cfb8b5376dd8eeca055b84770c44da94f62919f789171083f9
discovery,fp32_h5,0,1000,false,300,20,false,true,true,93,,76.07,budget_exhausted,6511e57b416fc70e9fc6ac3e533033dcf9c19f9b1b46046fddfdf7981a5b0b40,5f53bcf794e4b0cfb8b5376dd8eeca055b84770c44da94f62919f789171083f9
discovery,baseline_bf16,1,1,false,300,20,false,false,false,,119,174.27,budget_exhausted,bb7981f86b3aa1bd64cb9de246973c7554d7f46c33fa09c8dcf029b872cb56b8,c993ee7e19d9de536304f82b299bf8905cb76106361e6b375bcc8109a7d8c697
discovery,fp32,1,1,false,300,20,false,false,false,,117,197.846,budget_exhausted,bb7981f86b3aa1bd64cb9de246973c7554d7f46c33fa09c8dcf029b872cb56b8,c993ee7e19d9de536304f82b299bf8905cb76106361e6b375bcc8109a7d8c697
discovery,fp32_h5,1,1,false,300,20,false,false,false,,113,68.715,budget_exhausted,bb7981f86b3aa1bd64cb9de246973c7554d7f46c33fa09c8dcf029b872cb56b8,c993ee7e19d9de536304f82b299bf8905cb76106361e6b375bcc8109a7d8c697
discovery,baseline_bf16,1,1001,false,300,20,false,false,false,,,176.15,budget_exhausted,bb7981f86b3aa1bd64cb9de246973c7554d7f46c33fa09c8dcf029b872cb56b8,c993ee7e19d9de536304f82b299bf8905cb76106361e6b375bcc8109a7d8c697
discovery,fp32,1,1001,false,300,20,false,false,false,,,200.992,budget_exhausted,bb7981f86b3aa1bd64cb9de246973c7554d7f46c33fa09c8dcf029b872cb56b8,c993ee7e19d9de536304f82b299bf8905cb76106361e6b375bcc8109a7d8c697
discovery,fp32_h5,1,1001,false,300,20,false,false,false,,113,67.824,budget_exhausted,bb7981f86b3aa1bd64cb9de246973c7554d7f46c33fa09c8dcf029b872cb56b8,c993ee7e19d9de536304f82b299bf8905cb76106361e6b375bcc8109a7d8c697
discovery,baseline_bf16,2,2,false,300,20,false,true,true,116,,179.192,budget_exhausted,95828ed9990b9aeef6b26593db72a822eb8d17bcaa6824e2ff2c69b155094234,a87ff19ab2de397ea503f08c2851b756ef9894d0b837354257e14ef784286344
discovery,fp32,2,2,false,300,20,false,true,true,117,,186.885,budget_exhausted,95828ed9990b9aeef6b26593db72a822eb8d17bcaa6824e2ff2c69b155094234,a87ff19ab2de397ea503f08c2851b756ef9894d0b837354257e14ef784286344
discovery,fp32_h5,2,2,false,300,20,false,true,true,97,,69.373,budget_exhausted,95828ed9990b9aeef6b26593db72a822eb8d17bcaa6824e2ff2c69b155094234,a87ff19ab2de397ea503f08c2851b756ef9894d0b837354257e14ef784286344
discovery,baseline_bf16,2,1002,false,300,20,false,true,true,103,,172.603,budget_exhausted,95828ed9990b9aeef6b26593db72a822eb8d17bcaa6824e2ff2c69b155094234,a87ff19ab2de397ea503f08c2851b756ef9894d0b837354257e14ef784286344
discovery,fp32,2,1002,false,300,20,false,true,true,103,,182.986,budget_exhausted,95828ed9990b9aeef6b26593db72a822eb8d17bcaa6824e2ff2c69b155094234,a87ff19ab2de397ea503f08c2851b756ef9894d0b837354257e14ef784286344
discovery,fp32_h5,2,1002,false,300,20,false,false,false,,114,68.62,budget_exhausted,95828ed9990b9aeef6b26593db72a822eb8d17bcaa6824e2ff2c69b155094234,a87ff19ab2de397ea503f08c2851b756ef9894d0b837354257e14ef784286344
holdout,baseline_bf16,3,3,false,180,20,true,false,true,94,,105.223,success,96af83b6fbbea32b92fc77a8a41b335f9e00f4dabf3570a4a0ca566cdc0f15b6,838512b6e42e611e5f71c6363cb9b004938afedb5091f8ea362d609f94d9588e
holdout,baseline_bf16,4,4,false,157,20,true,false,true,95,,84.834,success,a317e9cc972939c5fa85c6800f4afd0caa82a50f6d49cceea809fc919729adf6,0e6d85a6f653889b15a124bd9eca37f7855ec0657b7e4f2b7c0452e796d0b74c
holdout,baseline_bf16,5,5,false,147,20,true,false,true,95,,78.849,success,7ea677e15b204a3c3eff7d237a76a317221bb4578379146e736143cbf3e9e1af,b8956afaf5889a39919ad66a0ca4d1972009ca27b1b5f015f49298019983d2d2
