case_id,scene_id,init_state_index,model_seed,capability_ids,success,reason,failure_category,vla_actions,home_actions,total_actions,stages_measured,home_attempts,home_ready,continuation_jobs,continuation_successes
case_01,goal_table,0,2,wine_to_rack|bowl_to_plate,True,,,370,233,603,2,1,1,1,1
case_02,goal_table,1,3,wine_to_rack|bowl_to_plate,False,joint_route_blocked,home,180,0,180,1,1,0,0,0
case_03,goal_table,0,2,bowl_to_plate|wine_to_rack,False,budget_exhausted,continuation_subtask,427,139,566,2,1,1,1,0
case_04,goal_table,1,3,bowl_to_plate|wine_to_rack,False,budget_exhausted,continuation_subtask,418,124,542,2,1,1,1,0
case_05,goal_table,0,2,bowl_to_plate|stove_on,True,,,168,139,307,2,1,1,1,1
case_06,goal_table,1,3,bowl_to_plate|stove_on,True,,,156,124,280,2,1,1,1,1
case_07,goal_table,0,2,stove_on|bowl_to_plate,False,joint_route_blocked,home,78,0,78,1,1,0,0,0
case_08,goal_table,1,3,stove_on|bowl_to_plate,False,joint_route_blocked,home,76,0,76,1,1,0,0,0
case_09,basket_two,0,2,soup_to_basket|sauce_to_basket,False,budget_exhausted,first_subtask,336,0,336,1,0,0,0,0
case_10,basket_two,1,3,soup_to_basket|sauce_to_basket,False,budget_exhausted,first_subtask,336,0,336,1,0,0,0,0
case_11,basket_two,0,2,sauce_to_basket|soup_to_basket,False,budget_exhausted,first_subtask,336,0,336,1,0,0,0,0
case_12,basket_two,1,3,sauce_to_basket|soup_to_basket,False,budget_exhausted,first_subtask,336,0,336,1,0,0,0,0
